<?xml version="1.0" encoding="UTF-8"?>
<project-private xmlns="http://www.netbeans.org/ns/project-private/1">
    <editor-bookmarks xmlns="http://www.netbeans.org/ns/editor-bookmarks/2" lastBookmarkId="0"/>
    <open-files xmlns="http://www.netbeans.org/ns/projectui-open-files/2">
        <group>
            <file>file:/C:/Users/sahil/OneDrive/Documents/NetBeansProjects/Bank%20Management/src/FastCash.java</file>
            <file>file:/C:/Users/sahil/OneDrive/Documents/NetBeansProjects/Bank%20Management/src/Signup.java</file>
            <file>file:/C:/Users/sahil/OneDrive/Documents/NetBeansProjects/Bank%20Management/src/Deposit.java</file>
            <file>file:/C:/Users/sahil/OneDrive/Documents/NetBeansProjects/Bank%20Management/src/PinChange.java</file>
            <file>file:/C:/Users/sahil/OneDrive/Documents/NetBeansProjects/Bank%20Management/src/Signin.java</file>
            <file>file:/C:/Users/sahil/OneDrive/Documents/NetBeansProjects/Bank%20Management/src/Withdrawal.java</file>
            <file>file:/C:/Users/sahil/OneDrive/Documents/NetBeansProjects/Bank%20Management/src/First.java</file>
            <file>file:/C:/Users/sahil/OneDrive/Documents/NetBeansProjects/Bank%20Management/src/BalanceEnquiry.java</file>
            <file>file:/C:/Users/sahil/OneDrive/Documents/NetBeansProjects/Bank%20Management/src/Last.java</file>
            <file>file:/C:/Users/sahil/OneDrive/Documents/NetBeansProjects/Bank%20Management/src/Complete.java</file>
            <file>file:/C:/Users/sahil/OneDrive/Documents/NetBeansProjects/Bank%20Management/src/MiniStatement.java</file>
            <file>file:/C:/Users/sahil/OneDrive/Documents/NetBeansProjects/Bank%20Management/src/Balance.java</file>
        </group>
    </open-files>
</project-private>
